<?xml version="1.0" encoding="UTF-8" standalone="yes"?>
<addon id="plugin.video.ns4u" name="NS4U" version="2.1.2" provider-name="jsergio">
  <requires>
    <import addon="xbmc.python" version="2.1.0"/>
    <import addon="script.module.requests" version="2.9.1" />
  </requires>
  <extension point="xbmc.python.pluginsource" provides="video" library="default.py">
    <provides>video</provides>
  </extension>
  <extension point="xbmc.addon.metadata">
    <summary>The first rule of Fight Club is: You do not talk about Fight Club.</summary>
    <description>The second rule of Fight Club is: You do not talk about Fight Club.</description>
    <platform>all</platform>
    <language>en</language>
  </extension>
</addon>